file,has_lang_en,has_title,has_skip_link,has_main_id,has_accessibility_css,has_accessibility_js
.artifacts/financial-services.snapshot.html,yes,yes,yes,yes,yes,yes
about.html,yes,yes,yes,yes,yes,yes
case-studies/antal-international.html,yes,yes,yes,yes,yes,yes
case-studies/auriga-networks.html,yes,yes,yes,yes,yes,yes
case-studies/harry-dobbs-design.html,yes,yes,yes,yes,yes,yes
case-studies/index.html,yes,yes,yes,yes,yes,yes
case-studies/nta-core-network-upgrade.html,yes,yes,yes,yes,yes,yes
case-studies/senate-computers.html,yes,yes,yes,yes,yes,yes
complaint-form.html,yes,yes,yes,yes,yes,yes
contact-form.html,yes,yes,yes,yes,yes,yes
contact.html,yes,yes,yes,yes,yes,yes
cookie-policy.html,yes,yes,yes,yes,yes,yes
index.html,yes,yes,yes,yes,yes,yes
industries/financial-services.html,yes,yes,yes,yes,yes,yes
industries/healthcare-and-clinics.html,yes,yes,yes,yes,yes,yes
industries/index.html,yes,yes,yes,yes,yes,yes
industries/internal-it-teams.html,yes,yes,yes,yes,yes,yes
industries/legal-firms.html,yes,yes,yes,yes,yes,yes
industries/manufacturing.html,yes,yes,yes,yes,yes,yes
industries/multi-site-businesses.html,yes,yes,yes,yes,yes,yes
industries/educational-institutes.html,yes,yes,yes,yes,yes,yes
industries/recruitment-agencies.html,yes,yes,yes,yes,yes,yes
privacy-policy.html,yes,yes,yes,yes,yes,yes
resources/blogs/business-network-components.html,yes,yes,yes,yes,yes,yes
resources/blogs/cisco-network-convergence-system.html,yes,yes,yes,yes,yes,yes
resources/blogs/cisco-security-solutions.html,yes,yes,yes,yes,yes,yes
resources/blogs/cloud-networking-benefits.html,yes,yes,yes,yes,yes,yes
resources/blogs/cloud-networking-efficiency.html,yes,yes,yes,yes,yes,yes
resources/blogs/continuous-network-monitoring.html,yes,yes,yes,yes,yes,yes
resources/blogs/index.html,yes,yes,yes,yes,yes,yes
resources/blogs/network-consultancy-services.html,yes,yes,yes,yes,yes,yes
resources/blogs/network-consultant-benefits.html,yes,yes,yes,yes,yes,yes
resources/blogs/network-design-implementation.html,yes,yes,yes,yes,yes,yes
resources/blogs/network-upgrade-benefits.html,yes,yes,yes,yes,yes,yes
resources/blogs/network-validation.html,yes,yes,yes,yes,yes,yes
resources/blogs/professional-it-services.html,yes,yes,yes,yes,yes,yes
resources/blogs/remote-work-network-security.html,yes,yes,yes,yes,yes,yes
resources/blogs/resilient-network-design.html,yes,yes,yes,yes,yes,yes
resources/blogs/secure-hybrid-workspace.html,yes,yes,yes,yes,yes,yes
resources/blogs/sme-network-consultancy.html,yes,yes,yes,yes,yes,yes
resources/blogs/wireless-security-solutions.html,yes,yes,yes,yes,yes,yes
resources/blogs/wireless-vs-wired-networks.html,yes,yes,yes,yes,yes,yes
resources/blogs/wlan-guide.html,yes,yes,yes,yes,yes,yes
resources/downloads.html,yes,yes,yes,yes,yes,yes
resources/guides.html,yes,yes,yes,yes,yes,yes
resources/index.html,yes,yes,yes,yes,yes,yes
services/business-continuity-and-network-resilience.html,yes,yes,yes,yes,yes,yes
services/firewall-and-network-security.html,yes,yes,yes,yes,yes,yes
services/index.html,yes,yes,yes,yes,yes,yes
services/managed-network-support.html,yes,yes,yes,yes,yes,yes
services/managed-wireless-lan.html,yes,yes,yes,yes,yes,yes
services/network-consultancy.html,yes,yes,yes,yes,yes,yes
services/network-design-and-deployment.html,yes,yes,yes,yes,yes,yes
services/network-installations.html,yes,yes,yes,yes,yes,yes
services/network-support.html,yes,yes,yes,yes,yes,yes
services/remote-working-solutions.html,yes,yes,yes,yes,yes,yes
solutions/ai-ready-infrastructure-review.html,yes,yes,yes,yes,yes,yes
solutions/cyber-security-review.html,yes,yes,yes,yes,yes,yes
solutions/index.html,yes,yes,yes,yes,yes,yes
solutions/microsoft-365-and-network-readiness.html,yes,yes,yes,yes,yes,yes
solutions/network-health-check.html,yes,yes,yes,yes,yes,yes
terms-of-service.html,yes,yes,yes,yes,yes,yes
